Data set,Study,Journal,Raptor order,Raptor family,Raptor genus,Raptor scientific name,Raptor common name,Continent,Country,Latitude (decimal degree),Longitude (decimal degree),Habitat,Season,Pellets,Prey remains,Observations,DNA,Body mass (g) (EltonTraits),Num_obs,,Notes
1,Jaksić and Yáñez 1979,Auk,Strigiformes,Tytonidae,Tyto,Tyto alba,Barn Owl,South America,Chile,-33.675,-71.0417,Unspecified,Unspecified,X,,,,403.32,1348,,
2,Bosè and Guidali 2001,J Raptor Res,Strigiformes,Tytonidae,Tyto,Tyto alba,Barn Owl,Europe,Italy,45.364001,10.438801,Unspecified,Winter,X,,,,403.32,876,,
3,Bosè and Guidali 2001,J Raptor Res,Strigiformes,Tytonidae,Tyto,Tyto alba,Barn Owl,Europe,Italy,45.364001,10.438801,Unspecified,Spring,X,,,,403.32,521,,
4,Bosè and Guidali 2001,J Raptor Res,Strigiformes,Tytonidae,Tyto,Tyto alba,Barn Owl,Europe,Italy,45.364001,10.438801,Unspecified,Summer,X,,,,403.32,2578,,
5,Bosè and Guidali 2001,J Raptor Res,Strigiformes,Tytonidae,Tyto,Tyto alba,Barn Owl,Europe,Italy,45.364001,10.438801,Unspecified,Fall,X,,,,403.32,799,,
6,Cava et al. 2012,The Wilson J of Ornthilo.,Acciptriformes,Acciptridae,Accipiter,Accipiter cooperii,Cooper's Hawk,North America,Canada,48.435,-123.366,"urban area,Victoria",Nestling,,X,,,429.67,3173,,
7,Meng Heinz 1959,The Wilson Bulletin,Acciptriformes,Acciptridae,Accipiter,Accipiter cooperii,Cooper's Hawk,North America,USA,42.445,-76.498,unspecified,unspecified,X,X,,,429.67,853,,
8,Meng Heinz 1959,The Wilson Bulletin,Acciptriformes,Acciptridae,Accipiter,Accipiter gentilis,Northern Goshawk,North America,USA,41.999,-76.638,unspecified,unspecified,X,X,,,866.04,185,,
9,Estes and Mannan 2003,The Condor,Acciptriformes,Acciptridae,Accipiter,Accipiter cooperii,Cooper's Hawk,North America,USA,32.21667,110.91667,urban,Summer(April-July),,X,X,,429.67,151,,
10,Estes and Mannan 2003,The Condor,Acciptriformes,Acciptridae,Accipiter,Accipiter cooperii,Cooper's Hawk,North America,USA,32.21667,110.91667,rural,Summer(April-July),,X,X,,429.67,77,,
11,Kennedy and Johnson 1986,The Wilson Bulletin,Acciptriformes,Acciptridae,Accipiter,Accipiter cooperii,Cooper's Hawk,North America,USA,48.494,-122.897,unspecified,Nestling,,,X,,429.67,110,,
12,Roth and Lima 2003,The Condor,Acciptriformes,Acciptridae,Accipiter,Accipiter cooperii,Cooper's Hawk,North America,USA,39.463,-87.383,urban,winter,,X,X,,429.67,57,,
13,Bonner and Geluso 2010,Prairie Naturalist,Strigiformes,Tytonidae,Tyto,Tyto alba,Barn Owl,North America,USA,41.9275,102.4991667,"Prairie, scattered trees",Summer,X,,,,403.32,362,,
14,Bonner and Geluso 2010,Prairie Naturalist,Strigiformes,Strigidae,Bubo,Bubo virginianus,Great Horned Owl,North America,USA,41.9275,102.4991667,"Prairie, scattered trees",Summer,X,,,,1575.7,73,,
15,Collopy 1983,The Journal of Wildlife Management,Acciptriformes,Acciptridae,Aquila,Aquila chrysaetos,Golden Eagle,North America,USA,43.094,-116.042,semidesert scrub,Brood Rearing,,X,X,,4247.97,616,,
16,DeLong et al 2013,Condor,Acciptriformes,Acciptridae,Accipiter,Accipiter striatus,Sharp-shinned Hawk,North America,USA,34.7,106.4,Forest,Fall migration,,,,X,130.59,48,,
17,US Dept. of Interior 1979,NA,Acciptriformes,Acciptridae,Aquila,Aquila chrysaetos,Golden Eagle,North America,USA,43.094,-116.042,semidesert scrub,Brood Rearing,,X,,,4247.97,2915,,
18,Stahlecker et al 2009,Western Birds,Acciptriformes,Acciptridae,Aquila,Aquila chrysaetos,Golden Eagle,North America,USA,36.38,-108.05,semidesert scrub,Brood Rearing,,X,,,4247.97,660,,
19,Meserve 1977,Condor,Acciptriformes,Acciptridae,Elanus,Elanus leucurus,White-tailed Kite,South America,Chile,-33.127,-70.8892,Pasture and agricultural,Year long,X,,,,346,663,,
20,Bond 1942,Condor,Acciptriformes,Acciptridae,Elanus,Elanus leucurus,White-tailed Kite,North America,USA,34.296,-118.55,"Agriculural, orchards",Spring,X,,,,346,74,,
21,Dixon et al 1957,Condor,Acciptriformes,Acciptridae,Elanus,Elanus leucurus,White-tailed Kite,North America,USA,33.283,-117.097,"Agriculural, orchards",Year long,X,,,,346,202,,
22,Stendell and Meyers 1973,Condor,Acciptriformes,Acciptridae,Elanus,Elanus leucurus,White-tailed Kite,North America,USA,36.38,-121.567,"Grass, oaks, chaparral",Summer,X,,,,346,219,,
23,Hawbecker 1940,Condor,Acciptriformes,Acciptridae,Elanus,Elanus leucurus,White-tailed Kite,North America,USA,36.923,-121.768,"Agriculural, orchards",Spring,X,,,,346,214,,
24,Schlatter et al 1980,Auk,Acciptriformes,Acciptridae,Elanus,Elanus leucurus,White-tailed Kite,South America,Chile,-33.433,-70.783,Agriculural,Winter,X,,,,346,698,,
25,Schlatter et al 1980,Auk,Acciptriformes,Acciptridae,Elanus,Elanus leucurus,White-tailed Kite,South America,Chile,-33.35,-70.533,Dry scrub,Winter,X,,,,346,148,,
26,Scheibler and Christoff 2007,Braz. J. Biol.,Acciptriformes,Acciptridae,Elanus,Elanus leucurus,White-tailed Kite,South America,Brazil,-29.583,-52.2,Agricultural,Year long,X,,,,346,2170,,
27,Scheibler and Christoff 2007,Braz. J. Biol.,Strigiformes,Tytonidae,Tyto,Tyto alba,Barn Owl,South America,Brazil,-29.583,-52.2,Agricultural,Year long,X,,,,403.32,2087,,
28,Lovari et al. 1976,Italian J of Zoology,Strigiformes,Tytonidae,Tyto,Tyto alba,Barn Owl,Europe,Italy,43.322,11.484,"woodland(60%),maquis,grassland",Summer,X,,,,403.32,1141,Station 1,
29,Lovari et al. 1976,Italian J of Zoology,Strigiformes,Tytonidae,Tyto,Tyto alba,Barn Owl,Europe,Italy,43.322,11.484,"woodland(45%),arable land(55%)",summer,X,,,,403.32,791,Station 2,
30,Lovari et al. 1976,Italian J of Zoology,Strigiformes,Tytonidae,Tyto,Tyto alba,Barn Owl,Europe,Italy,43.322,11.484,"woodland(35%), arable& grassland(65%)",summer,X,,,,403.32,180,Station 3,
31,Lovari et al. 1976,Italian J of Zoology,Strigiformes,Tytonidae,Tyto,Tyto alba,Barn Owl,Europe,Italy,43.322,11.484,"woodland(25%) ,arable& grass(75%)",summer,X,,,,403.32,348,Station 4,
32,Lovari et al. 1976,Italian J of Zoology,Strigiformes,Tytonidae,Tyto,Tyto alba,Barn Owl,Europe,Italy,43.322,11.484,"wood(10%), arable &grass(90%)",summer,X,,,,403.32,537,Station 5,
33,Lovari et al. 1976,Italian J of Zoology,Strigiformes,Tytonidae,Tyto,Tyto alba,Barn Owl,Europe,Italy,43.322,11.484,"wood(5%),arable & grass(95%)",summer,X,,,,403.32,278,Station 6,
34,Lovari et al. 1976,Italian J of Zoology,Strigiformes,Tytonidae,Tyto,Tyto alba,Barn Owl,Europe,Italy,43.322,11.484,arable land >98%,summer,X,,,,403.32,385,Station 7,
35,Brown et al. 1991,The Southwestern Naturalist,Acciptriformes,Acciptridae,Haliaeetus,Haliaeetus leucocephalus,Bald eagle,North America,Mexico,29.165,-109.684,adjacent to riparian habitat,after nesting season,,X,,,4700.58,118,,
36,Leveau et al 2004,J Raptor Res,Acciptriformes,Acciptridae,Elanus,Elanus leucurus,White-tailed Kite,South America,Argentina,-37.66666,-59.3833,Agricultural and woodland,Fall winter,X,,,,346,109,,
37,Leveau et al 2004,J Raptor Res,Strigiformes,Tytonidae,Tyto,Tyto alba,Barn Owl,South America,Argentina,-37.66666,-59.3833,Agricultural and woodland,Fall winter,X,,,,403.32,487,,
38,Toland 1985,J of Field Ornithology,Acciptriformes,Acciptridae,Accipiter,Accipiter cooperii,Cooper's Hawk,North America,USA,37.348,-92.07,unspecified,nesting season,X,X,X,,429.67,259,,
39,Sarasola et al 2007,Studies Neot Faun and Env,Acciptriformes,Acciptridae,Elanus,Elanus leucurus,White-tailed Kite,South America,Argentina,-36.5,-63.85,Woodland shrubland,Spring and summer,X,,,,346,87,,
40,Sarasola et al 2007,Studies Neot Faun and Env,Acciptriformes,Acciptridae,Elanus,Elanus leucurus,White-tailed Kite,South America,Argentina,-36.5,-63.85,Agricultural,Spring and summer,X,,,,346,82,,
41,Smithers et al 2005,J Raptor Res,Acciptriformes,Acciptridae,Accipiter,Accipiter gentilis,Northern Goshawk,North America,USA,46.833,-92.1833,woodland,breeding season,,,X,,866.04,652,,
42,González-Acuña et al 2009,J Raptor Res,Acciptriformes,Acciptridae,Elanus,Elanus leucurus,White-tailed Kite,South America,Chile,-36.766,-73.05,Pasture and woodland,Year long,X,,,,346,71,,
43,González-Acuña et al 2009,J Raptor Res,Acciptriformes,Acciptridae,Elanus,Elanus leucurus,White-tailed Kite,South America,Chile,-36.766,-73.05,Pasture and woodland,Year long,X,,,,346,21,,
44,González-Acuña et al 2009,J Raptor Res,Acciptriformes,Acciptridae,Elanus,Elanus leucurus,White-tailed Kite,South America,Chile,-36.766,-73.05,Pasture and woodland,Year long,X,,,,346,158,,
45,González-Acuña et al 2009,J Raptor Res,Acciptriformes,Acciptridae,Elanus,Elanus leucurus,White-tailed Kite,South America,Chile,-36.766,-73.05,Pasture and woodland,Year long,X,,,,346,93,,
46,Grzybowski and Eaton 1976,The Wilson Bulletin,Acciptriformes,Acciptridae,Accipiter,Accipiter gentilis,Northern Goshawk,North America,USA,42.403,-77.674,unspecified,breeding season,,X,,,866.04,77,,
47,Sarasola et al (White-tailed Kite) 2010,J Raptor Res,Acciptriformes,Acciptridae,Elanus,Elanus leucurus,White-tailed Kite,South America,Argentina,-36.14,-63.8569,Agricultural,Winter,X,,,,346,1062,,
48,Manaa et al 2013,Ostrich,Acciptriformes,Acciptridae,Elanus,Elanus caeruleus,Black-winged Kite,Africa,Algeria,36.14027,3.273,Agricultural,Year long,X,,,,259.76,282,,
49,Parejo et al 2001,J Raptor Res,Acciptriformes,Acciptridae,Elanus,Elanus caeruleus,Black-winged Kite,Europe,Spain,38.7569,7.19027,Agricultural,Winter,X,,,,259.76,745,,
50,Mañosa et al 2005,Revista Catalonia Ornitologia,Acciptriformes,Acciptridae,Elanus,Elanus caeruleus,Black-winged Kite,Europe,Spain,42.0535,-1.416,Agricultural,Summer,X,,,,259.76,512,,
51,Slotow et al 1988,Ostrich,Acciptriformes,Acciptridae,Elanus,Elanus caeruleus,Black-winged Kite,Africa,South Africa,-24.95,28.55,Agricultural,Year long,X,,,,259.76,1777,,
52,Olsen et al 2013,Corella,Acciptriformes,Acciptridae,Haliastur,Haliastur sphenurus,Whistling Kite,Australia,Australia,-35.3086,149.53,Mixed,breeding season,X,X,,,752.99,130,,
53,Olsen et al 2013,Corella,Acciptriformes,Acciptridae,Haliaeetus,Haliaeetus leucogaster,White-bellied Sea Eagle,Australia,Australia,-35.3086,149.53,Mixed,breeding season,X,X,,,2827.01,78,,
54,Watson and Clarke 2000,British Birds,Falconiformes,Falconidae,Falco,Falco cherrug,Saker Falcon,Asia,Kazakhstan,48.878,80.865,grazing land,breeding season(Apr-Jun),X,,,,961.21,129,,
55,Watson and Clarke 2000,British Birds,Falconiformes,Falconidae,Falco,Falco cherrug,Saker Falcon,Asia,Kazakhstan,48.878,80.865,grazing land,breeding season,,X,,,961.21,50,,
56,US Dept. of Interior 1979,NA,Falconiformes,Falconidae,Falco,Falco mexicanus,Prairie Falcon,North America,USA,43.094,-116.042,semidesert scrub,Brood Rearing,,X,,,713.07,978,,
57,Souttou et al 2005,Alauda,Falconiformes,Falconidae,Falco,Falco biarmicus,Lanner Falcon,Africa,Algeria,29.233,0.3166,Desert,Winter,,X,,,606.09,672,,
58,Figueroa Rojas and Stappung 2002,Int HawkWatcher,Falconiformes,Falconidae,Falco,Falco sparverius,American Kestrel,South America,Chile,-45.666,-72.3,"Woodland, open parkland",Winter,X,,,,114.61,51,,
59,Resano et al 2011,J Raptor Res,Acciptriformes,Acciptridae,Aquila,Aquila fasciata,Bonelli's Eagle,Europe,Spain,41.333,1.533,unspecified,breeding season,X,,,,1936.49,542,,
60,Eakle and Grubb 1986,Western Birds,Acciptriformes,Acciptridae,Aquila,Aquila chrysaetos,Golden Eagle,North America,USA,33.143,-111.02,Sonoran desert-scrub,Summer,,X,,,4247.97,38,,
61,Gokula 2012,TAPROBANICA,Acciptriformes,Acciptridae,Spilornis,Spilornis cheela,Crested Serpent Eagle,Asia,India,11.34333,78.38138,woodland,breeding season,,X,X,,597.74,173,,
62,Gubanyi et al 1992,The Ame. Midland Naturalist,Strigiformes,Tytonidae,Tyto,Tyto alba,Barn Owl,North America,USA,41.2946,-100.7751,floodplain and sandhill prairie,breeding season,X,,,,403.32,10140,,
63,US Dept. of Interior 1979,NA,Acciptriformes,Acciptridae,Buteo,Buteo jamaicensis,Red-tailed Hawk,North America,USA,43.094,-116.042,semidesert scrub,Brood Rearing,,X,,,1101.16,1586,,
64,Carnie 1954,The Condor,Acciptriformes,Acciptridae,Aquila,Aquila chrysaetos,Golden Eagle,North America,USA,37.246,-121.565,California coast range,Nesting season,,X,,,4247.97,503,,
65,Olsen et al 2006,Aust Field Ornith,Acciptriformes,Acciptridae,Haliaeetus,Haliaeetus leucogaster,White-bellied Sea Eagle,Australia,Australia,-35.418,149.262,Mixed grazed and woodland,Nesting season,X,X,,,2827.01,13,,
66,Olsen et al 2006,Aust Field Ornith,Acciptriformes,Acciptridae,Accipiter,Accipiter fasciatus,Brown Goshawk,Australia,Australia,-35.22,148.145,Mixed grazed and woodland,Nesting season,X,X,,,358.66,22,,
67,Olsen et al 2006,Aust Field Ornith,Falconiformes,Falconidae,Falco,Falco longipennis,Australian Hobby,Australia,Australia,-35.22,148.145,Mixed grazed and woodland,Nesting season,X,X,,,249.81,95,,
68,Olsen et al 2006,Aust Field Ornith,Falconiformes,Falconidae,Falco,Falco peregrinus,Peregrine Falcon,Australia,Australia,-35,148.579,Mixed grazed and woodland,Nesting season,X,X,,,759.95,52,,
69,Olsen et al 2006,Aust Field Ornith,Strigiformes,Strigidae,Ninox,Ninox novaeseelandiae,Southern Boobook,Australia,Australia,-35.22,148.145,Mixed grazed and woodland,Nesting season,X,X,,,183.37,46,,
70,Kopij 2013,Northwestern Naturalist,Strigiformes,Tytonidae,Tyto,Tyto alba,Barn Owl,North America,USA,45.21,117.8647,"NE Oregon, grassland",September,X,,,,403.32,328,,
71,Kopij 2013,Northwestern Naturalist,Strigiformes,Tytonidae,Tyto,Tyto alba,Barn Owl,North America,USA,44.6766,123.348,"NW Oregon, conifer and braodleaf forest",September,X,,,,403.32,343,,
72,Fernández-Bellon and Lusby 2011,Irish Birds,Falconiformes,Falconidae,Falco,Falco columbarius,Merlin,Europe,Ireland,53.877,-7.6561,moorland/temperate grassland,Breeding season,X,X,,,188.5,384,,
73,Figueroa Rojas and Stappung 2004,Hornero,Falconiformes,Falconidae,Falco,Falco sparverius,American Kestrel,South America,Chile,-38.233,-72.6333,Agricultural,Winter,X,X,,,114.61,154,,
74,Figueroa Rojas and Stappung 2004,Hornero,Falconiformes,Falconidae,Falco,Falco femoralis,Aplomado Falcon,South America,Chile,-38.233,-72.6333,Agricultural,Winter,X,X,,,335.76,42,,
75,Santillán et al 2009,J Raptor Res,Falconiformes,Falconidae,Falco,Falco sparverius,American Kestrel,South America,Argentina,-47.7472,-65.9399,Grass and scrubby coast habitats,Breeding season,X,X,,,114.61,242,,Ria Deseado
76,Santillán et al 2009,J Raptor Res,Falconiformes,Falconidae,Falco,Falco sparverius,American Kestrel,South America,Argentina,-47.6558,-68.2118,Arid grassland,Breeding season,X,X,,,114.61,433,,Monumento Natural Bosques Petrificados
77,Santillán et al 2009,J Raptor Res,Falconiformes,Falconidae,Falco,Falco sparverius,American Kestrel,South America,Argentina,-47.7833,-65.81666,Shrubland with scattered trees,Breeding season,X,X,,,114.61,330,,Rio Chico
78,Santillán et al 2009,J Raptor Res,Falconiformes,Falconidae,Falco,Falco sparverius,American Kestrel,South America,Argentina,-39.5,-70.5,Grass steppe,Breeding season,X,X,,,114.61,164,,Junın de los Andes
79,Holt and Leroux 1997,Wils Bull,Strigiformes,Strigidae,Glaucidium,Glaucidium californicum,Northern Pygmy Owl,North America,USA,46.87,-114,Forest,Non-breeding season,X,X,,,67.5,194,,West-central Montana
80,Holt and Leroux 1997,Wils Bull,Strigiformes,Strigidae,Aegolius,Aegolius acadicus,Northern Saw-whet Owl,North America,USA,46.87,-114,Forest,Non-breeding season,X,X,,,100.69,388,,West-central Montana
81,Nyström et al 2006,Orn Fenn,Acciptriformes,Acciptridae,Aquila,Aquila chrysaetos,Golden Eagle,Europe,Sweden,67.2372,17.362,"Heath, tundra",Breeding season,,X,,X,4247.97,410,,
82,Tjernberg 1981,Holarctic Ecology,Acciptriformes,Acciptridae,Aquila,Aquila chrysaetos,Golden Eagle,Europe,Sweden,65,16,Forest and open areas,Nestling season,X,X,,,4247.97,2803,,
83,Sulkava et al 1984,Ann Zool Fennici,Acciptriformes,Acciptridae,Aquila,Aquila chrysaetos,Golden Eagle,Europe,Finland,68.0333,26.4229,Forest and open areas,Breeding season,X,X,,,4247.97,3733,,
84,Sulkava et al 1984,Ann Zool Fennici,Acciptriformes,Acciptridae,Aquila,Aquila chrysaetos,Golden Eagle,Europe,Finland,64.663,27.1086,Forest and open areas,Breeding season,X,X,,,4247.97,1779,,
85,Real 1996,J Wildlife Man,Acciptriformes,Acciptridae,Aquila,Aquila fasciata,Bonelli's Eagle,Europe,Spain,41.866,1.5214,Unspecified,Breeding season,X,X,X,,1936.49,303,,
86,Petty et al 1995,Forest Eco and Mgmt,Acciptriformes,Acciptridae,Accipiter,Accipiter nisus,Eurasian sparrowhawk,Europe,UK,,,Forest and open areas,Breeding season,,X,,,220.79,722,,1991(many cones~more prey)
87,Petty et al 1995,Forest Eco and Mgmt,Acciptriformes,Acciptridae,Accipiter,Accipiter nisus,Eurasian sparrowhawk,Europe,UK,,,Forest and open areas,Breeding season,,X,,,220.79,108,,1992(less cones-less prey)
88,Petty et al 1995,Forest Eco and Mgmt,Falconiformes,Falconidae,Falco,Falco columbarius,Merlin,Europe,UK,,,Forest and open areas,Breeding season,,X,,,188.5,491,,1991(many cones~more prey)
89,Petty et al 1995,Forest Eco and Mgmt,Falconiformes,Falconidae,Falco,Falco columbarius,Merlin,Europe,UK,,,Forest and open areas,Breeding season,,X,,,188.5,389,,1992(less cones-less prey)
90,Mollhagen et al 1972,J Wildlife Man,Acciptriformes,Acciptridae,Aquila,Aquila chrysaetos,Golden Eagle,North America,USA,38.8818,-104.785,Forest and open areas,Breeding season,,X,,,4247.97,946,,
91,Ellis et al 2000,Ibis,Acciptriformes,Acciptridae,Aquila,Aquila chrysaetos,Golden Eagle,Asia,Mongolia,45.5,112.5,Grass steppe,Breeding season,,X,,,4247.97,78,,
92,Galletti and de Carvalho 2000,Wilson Bulletin,Acciptriformes,Acciptridae,Harpia,Harpia harpyja,Harpy Eagle,South America,Brazil,3.76,48.1813,Forest,Breeding season,,X,,,4800,21,,
93,Sulkava et al 1997,Orn Fenn,Acciptriformes,Acciptridae,Haliaeetus,Haliaeetus albicilla,White-tailed Eagle,Europe,Finland,60.169,22.1898,"Forest, open shoreline",Breeding season,X,X,,,4729.27,1325,,Aland
94,Sulkava et al 1997,Orn Fenn,Acciptriformes,Acciptridae,Haliaeetus,Haliaeetus albicilla,White-tailed Eagle,Europe,Finland,63.106,21.387,"Forest, open shoreline",Breeding season,X,X,,,4729.27,1072,,Quark
95,Sulkava et al 1997,Orn Fenn,Acciptriformes,Acciptridae,Haliaeetus,Haliaeetus albicilla,White-tailed Eagle,Europe,Finland,68.0457,26.951,"Forest, open shoreline, bogs",Breeding season,X,X,,,4729.27,740,,Lapland
96,Hiraldo et al 1995,Wilson Bulletin,Acciptriformes,Acciptridae,Geranoaetus,Geranoaetus melanoleucus,Black-chested buzzard-eagle,South America,Argentina,-39.95,71.0833,Grass and shrubland,Breeding season,X,,,,2378.62,1241,,
97,Rifai et al 2000,J Arid Env,Strigiformes,Strigidae,Bubo,Bubo ascalaphus,Pharaoh Eagle Owl,Asia,Jordan,31.55,37.1666,Desert,Breeding season,X,,,,2100,835,,
98,Moldován and Sándor 2009,Sandgrouse,Strigiformes,Strigidae,Bubo,Bubo ascalaphus,Pharaoh Eagle Owl,Africa,Egypt,27.21666,33.8,Desert,Breeding season,X,X,,,2100,367,,
99,Dunstan and Harper 1975,J Wildlife Man,Acciptriformes,Acciptridae,Haliaeetus,Haliaeetus leucocephalus,Bald eagle,North America,USA,47.3901,-94.344,"Forest, lakes",Breeding season,,X,,,4700.58,302,,
100,Wille and Kampp 1983,Holarctic Ecology,Acciptriformes,Acciptridae,Haliaeetus,Haliaeetus albicilla,White-tailed Eagle,Greenland,Greenland,60.6444,-45.09,Coastline,Breeding season,,X,,,4729.27,660,,
101,Sarasola et al (Crowned Eagle) 2010,Endangered Sp Research,Acciptriformes,Acciptridae,Buteogallus,Buteogallus coronatus,Crowned Eagle,South America,Argentina,-37.0333,65.5666,Grass and shrubland,Breeding season,X,X,X,,2950,492,,
102,Veiga 1986,J Raptor Res,Acciptriformes,Acciptridae,Hieraaetus,Hieraaetus pennatus,Booted Eagle,Europe,Spain,40.78333,0.5,Pasture and shrubland,Breeding season,X,X,,,823.75,202,,
103,Sharp et al 2002,Emu,Acciptriformes,Acciptridae,Aquila,Aquila audax,Wedge-tailed Eagle,Australia,Australia,-31.2333,142.3166,Pasture,Breeding season,X,X,,,3449.86,1263,,
104,Collins and Latta 2009,Proceedings of the 7th California Islands Symposium,Acciptriformes,Acciptridae,Aquila,Aquila chrysaetos,Golden Eagle,North America,USA,33.997,-119.95,"Grassland, chaparral, scrub",Year long,,X,,,4247.97,425,,
105,McPherson et al 2016,Urban Ecosystems,Acciptriformes,Acciptridae,Stephanoaetus,Stephanoaetus coronatus,Crowned Hawk-eagle,Africa,South Africa,-29.7497,30.7563,"Forest, brushland",Breeding season,,,X,,3640,836,,
106,Boshoff et al 2004,S Af J Wild Science,Acciptriformes,Acciptridae,Stephanoaetus,Stephanoaetus coronatus,Crowned Hawk-eagle,Africa,South Africa,-33.3835,26.7,Savanna,Breeding season,,X,,,3640,1382,,
107,Boshoff et al 2005,S Af J Wild Science,Acciptriformes,Acciptridae,Stephanoaetus,Stephanoaetus coronatus,Crowned Hawk-eagle,Africa,South Africa,-33.7856,23.356,Forest,Breeding season,,X,,,3640,388,,
108,Charter et al 2007,Wilson J Ornithology,Strigiformes,Strigidae,Tyto,Tyto alba,Barn Owl,Asa,Israel,35.0833,34.76666,Urban and orchard,Breeding season,X,,,,403.32,711,,
109,Knight and Erickson 1978,Murrelet,Acciptriformes,Acciptridae,Aquila,Aquila chrysaetos,Golden Eagle,North America,USA,48.0347,-119.2088,"Grassland, scattered trees",Breeding season,,X,,,4247.97,50,,
110,Mitani et al 2001,Behav Ecol Sociobiology,Acciptriformes,Acciptridae,Stephanoaetus,Stephanoaetus coronatus,Crowned Hawk-eagle,Africa,Uganda,0.4641,30.3769,Tropical forest,Year long,,X,,,3640,90,,
111,Swatridge et al 2014,Ostrich,Acciptriformes,Acciptridae,Stephanoaetus,Stephanoaetus coronatus,Crowned Hawk-eagle,Africa,South Africa,25.4166,30.4666,Forest and savanna,Breeding season,,X,,,3640,154,,
112,Aguiar-Silva et al 2014,J Raptor Res,Acciptriformes,Acciptridae,Harpia,Harpia harpyja,Harpy Eagle,South America,Brazil,-2.62166,-56.69027,Rainforest,Breeding season,X,X,,,4800,253,,
113,Iezekiel et al 2004,Raptors Worldwide,Acciptriformes,Acciptridae,Aquila,Aquila fasciata,Bonelli's Eagle,Europe,Cyprus,34.8876,33.0049,Mixed,Year long,X,X,X,,1936.49,1753,,
114,Caro et al 2011,Eur J Wild Res,Acciptriformes,Acciptridae,Aquila,Aquila fasciata,Bonelli's Eagle,Europe,Spain,37.3975,-3.8746,"Orchards, shrubs, grassland",Breeding season,X,X,,,1936.49,56,,Non-breeding birds/floaters
115,Caro et al 2011,Eur J Wild Res,Acciptriformes,Acciptridae,Aquila,Aquila fasciata,Bonelli's Eagle,Europe,Spain,37.8169,-1.0695,"Orchards, shrubs, grassland",Breeding season,X,X,,,1936.49,79,,Non-breeding birds/floaters
116,Ontiveros and Pleguezuelos 2000,Biological Conservation,Acciptriformes,Acciptridae,Aquila,Aquila fasciata,Bonelli's Eagle,Europe,Spain,36.945,-3.583,Mixed,Breeding season,X,X,,,1936.49,192,,
117,Resano et al 2012,Nature de Provence,Acciptriformes,Acciptridae,Aquila,Aquila fasciata,Bonelli's Eagle,Europe,Spain,44.49,5.13,Mixed,Breeding season,X,X,,,1936.49,187,,
118,Gil and Pleguezuelos 2001,J Zool,Acciptriformes,Acciptridae,Circaetus,Circaetus gallicus,Short-toed Snake-eagle,Europe,Spain,37,4,Mixed,Breeding season,X,X,,,1699.12,224,,
119,Cui et al 2008,Pol J Ecol,Acciptriformes,Acciptridae,Buteo,Buteo hemilasius,Upland Buzzard,Asia,Tibet,37.638333,101.3069,"Shrubland, grassland",Breeding season,X,X,,,1358.89,762,,
120,Cui et al 2008,Pol J Ecol,Strigiformes,Strigidae,Bubo,Bubo bubo,Eurasian Eagle-Owl,Asia,Tibet,37.638333,101.3069,"Shrubland, grassland",Breeding season,X,X,,,2668.51,348,,
121,Bakaloudis and Vlachos 2011,J Biol Res Thess,Acciptriformes,Acciptridae,Circaetus,Circaetus gallicus,Short-toed Snake-eagle,Europe,Greece,40.1333,26.45,"Forest, shrubland, agriculture",Breeding season,X,X,X,,1699.12,352,,This paper includes data from the older paper by same authors
122,Papageorgiou et al 1993,Avocetta,Strigiformes,Strigidae,Bubo,Bubo bubo,Eurasian Eagle-Owl,Europe,Greece,41.114,26.185,Forest,Breeding season,X,X,,,2668.51,631,,
123,Symes and Antonites 2014,Ostrich,Acciptriformes,Acciptridae,Stephanoaetus,Stephanoaetus coronatus,Crowned Hawk-eagle,Africa,South Africa,30.525,29.6688,"Forest, grassland",Breeding season,,X,,,3640,179,,
124,Symes and Antonites 2014,Ostrich,Acciptriformes,Acciptridae,Stephanoaetus,Stephanoaetus coronatus,Crowned Hawk-eagle,Africa,South Africa,29.4877,30.2633,Savanna,Breeding season,,X,,,3640,54,,
125,Squires et al 1989,J Raptor Res,Falconiformes,Falconidae,Falco,Falco mexicanus,Prairie Falcon,North America,USA,43.716,-105.886,"Sagebrush, open grassland",Year long,X,X,,,713.07,523,,
126,McGahan 1966,Thesis,Acciptriformes,Acciptridae,Aquila,Aquila chrysaetos,Golden Eagle,North America,USA,45.66,-110.53,"Grassland, Sagebrush, Pine Forest",Nesting season,X,X,,,4247.97,980,,
127,Shafaeipour 2015,Turkish J Zoology,Acciptriformes,Acciptridae,Buteo,Buteo rufinus,Long-legged Buzzard,Asia,Iran,30.4666,51.4833,"Shrubland, scattered trees",Breeding season,X,X,X,,1166.18,178,,
128,Porter and White 1973,Brigham Young University Science Bulletin,Falconiformes,Falconidae,Falco,Falco mexicanus,Prairie Falcon,North America,USA,41.44,-112.18,Marsh and nearby mountains,unspecified,,X,,,713.07,76,,
129,Porter and White 1973,Brigham Young University Science Bulletin,Falconiformes,Falconidae,Falco,Falco peregrinus,Peregrine Falcon,North America,USA,41.44,-112.18,Marsh and nearby mountains,unspecified,,X,,,759.95,107,,
130,Marti and Braun 1975,The Condor,Falconiformes,Falconidae,Falco,Falco mexicanus,Prairie Falcon,North America,USA,40.38,-105.79,Alpine,Breeding season,X,X,,,713.07,89,,
131,Zuluaga and Echeverry‐Galvis 2016,Ornitologia Neotropical,Acciptriformes,Acciptridae,Spizaetus,Spizaetus isidori,Black‐and‐chestnut Eagle,South America,Colombia,4.6666,-73.4847,Forest,Breeding season,,X,X,,3087,84,,
132,Wu et al 2008,J Raptor Res,Acciptriformes,Acciptridae,Buteo,Buteo rufinus,Long-legged Buzzard,Asia,China,45.4635,90.3269,Desert,Breeding season,,X,,,1166.18,50,,
133,Nedyalkov et al 2014,Ecol Balk,Falconiformes,Falconidae,Falco,Falco cherrug,Saker Falcon,Asia,Kazakhstan,46.4933,73.3537,Desert,Breeding season,X,X,,,961.21,165,,
134,Nedyalkov et al 2014,Ecol Balk,Acciptriformes,Acciptridae,Aquila,Aquila heliaca,Eastern Imperial Eagle,Asia,Kazakhstan,44.8569,73.9391,Desert,Breeding season,X,X,,,3125.21,33,,
135,Alivizatos and Goutner 1997,Israel J Zoology,Acciptriformes,Acciptridae,Buteo,Buteo rufinus,Long-legged Buzzard,Europe,Greece,41,26,"Woodland, scrubland",Breeding season,X,X,X,,1166.18,413,,
136,Fitzsimons et al 2014,Corella,Acciptriformes,Acciptridae,Aquila,Aquila audax,Wedge-tailed Eagle,Australia,Australia,-35.8497,137.0924,Woodland and open habitats,Breeding season,X,X,,,3449.86,21,,
137,Foster and Wallis 2010,Corella,Acciptriformes,Acciptridae,Aquila,Aquila audax,Wedge-tailed Eagle,Australia,Australia,-37.6667,144.4347,"Agricultural, mixed",Breeding season,X,X,,,3449.86,111,,
138,Winkel 2007,Corella,Acciptriformes,Acciptridae,Aquila,Aquila audax,Wedge-tailed Eagle,Australia,Australia,-21.7242,141.5131,Grassland and scattered trees,Breeding season,X,X,,,3449.86,448,,
139,Debus et al 2007,Aust Field Ornith,Acciptriformes,Acciptridae,Hieraaetus,Hieraaetus morphnoides,Little Eagle,Australia,Australia,-30.5,151.66667,"Woodland, pasture, agricultural",Breeding season,X,X,X,,775.05,23,,
140,Goutner and Alivizatos 2003,Belg J Zool,Strigiformes,Tytonidae,Tyto,Tyto alba,Barn Owl,Europe,Greece,41.4,26.7,"Wetlands, agricultural, woodland",Winter season,X,,,,403.32,220,,Evros W
141,Goutner and Alivizatos 2003,Belg J Zool,Strigiformes,Tytonidae,Tyto,Tyto alba,Barn Owl,Europe,Greece,41.4,26.7,"Wetlands, agricultural, woodland",Breeding season,X,,,,403.32,99,,Evros S
142,Goutner and Alivizatos 2003,Belg J Zool,Strigiformes,Tytonidae,Tyto,Tyto alba,Barn Owl,Europe,Greece,41.4,26.7,"Wetlands, agricultural, woodland",Winter season,X,,,,403.32,311,,Porto Lagos W
143,Goutner and Alivizatos 2003,Belg J Zool,Strigiformes,Tytonidae,Tyto,Tyto alba,Barn Owl,Europe,Greece,41.4,26.7,"Wetlands, agricultural, woodland",Breeding season,X,,,,403.32,356,,Porto Lagos S
144,Goutner and Alivizatos 2003,Belg J Zool,Strigiformes,Tytonidae,Tyto,Tyto alba,Barn Owl,Europe,Greece,41.4,26.7,"Woodland, grassland, wetlands",Winter season,X,,,,403.32,288,,Lafres W
145,Goutner and Alivizatos 2003,Belg J Zool,Strigiformes,Tytonidae,Tyto,Tyto alba,Barn Owl,Europe,Greece,41.4,26.7,"Woodland, grassland, wetlands",Breeding season,X,,,,403.32,404,,Lafres S
146,Goutner and Alivizatos 2003,Belg J Zool,Strigiformes,Tytonidae,Tyto,Tyto alba,Barn Owl,Europe,Greece,41.4,26.7,"Wetlands, agricultural",Winter season,X,,,,403.32,154,,Mitrikou W
147,Goutner and Alivizatos 2003,Belg J Zool,Strigiformes,Tytonidae,Tyto,Tyto alba,Barn Owl,Europe,Greece,41.4,26.7,"Wetlands, agricultural",Breeding season,X,,,,403.32,81,,Mitrikou S
148,Goutner and Alivizatos 2003,Belg J Zool,Strigiformes,Tytonidae,Athene,Athene noctua,Little Owl,Europe,Greece,41.4,26.7,"Wetlands, agricultural, woodland",Winter season,X,,,,168.92,442,,Evros W
149,Goutner and Alivizatos 2003,Belg J Zool,Strigiformes,Tytonidae,Athene,Athene noctua,Little Owl,Europe,Greece,41.4,26.7,"Wetlands, agricultural, woodland",Breeding season,X,,,,168.92,370,,Evros S
150,Goutner and Alivizatos 2003,Belg J Zool,Strigiformes,Tytonidae,Athene,Athene noctua,Little Owl,Europe,Greece,41.4,26.7,"Wetlands, agricultural, woodland",Breeding season,X,,,,168.92,103,,Porto Lagos S
151,Goutner and Alivizatos 2003,Belg J Zool,Strigiformes,Tytonidae,Athene,Athene noctua,Little Owl,Europe,Greece,41.4,26.7,"Woodland, grassland, wetlands",Breeding season,X,,,,168.92,113,,Lafres S
152,Cherriman 2007,Thesis,Acciptriformes,Acciptridae,Aquila,Aquila audax,Wedge-tailed Eagle,Australia,Australia,-31.7982,116.1596,"Woodland, grassland, wetlands, pasture",Breeding season,X,X,X,,3449.86,247,,
153,Haak 1982,Thesis,Falconiformes,Falconidae,Falco,Falco mexicanus,Prairie Falcon,North America,USA,41.784,-121.53,"Pine, sagebrush, and grassland",Nesting and Incubation,X,X,X,,759.95,124,,
154,Fowler 1931,The Condor,Falconiformes,Falconidae,Falco,Falco mexicanus,Prairie Falcon,North America,USA,37.34,-121.69,Chaparral,Nesting,X,X,,,759.95,87,,
155,MacLaren et al 1988,Great Basin Naturalist,Falconiformes,Falconidae,Falco,Falco mexicanus,Prairie Falcon,North America,USA,41.71,-106.12,Sagebrush,Year round,X,X,,,759.95,168,,
156,MacLaren et al 1988,Great Basin Naturalist,Acciptriformes,Acciptridae,Aquila,Aquila chrysaetos,Golden Eagle,North America,USA,41.71,-106.12,Sagebrush,Year round,X,X,,,4247.97,560,,
157,MacLaren et al 1988,Great Basin Naturalist,Acciptriformes,Acciptridae,Buteo,Buteo jamaicensis,Red-tailed Hawk,North America,USA,41.71,-106.12,Sagebrush,Year round,X,X,,,1101.16,104,,
158,MacLaren et al 1988,Great Basin Naturalist,Acciptriformes,Acciptridae,Buteo,Buteo regalis,Ferruginous Hawk,North America,USA,41.71,-106.12,Sagebrush,Year round,X,X,,,1437.18,278,,
159,Angelici et al 1997,J Raptor Res,Strigiformes,Strigidae,Athene,Athene noctua,Little Owl,Europe,Greece,36.55,26.36666,Shrubs and agriculture,Breeding season,X,,,,168.92,1068,,
160,Watson and Davies 2015,Northwestern Naturalist,Acciptriformes,Acciptridae,Aquila,Aquila chrysaetos,Golden Eagle,North America,USA,47.02,-118.93,"Shrub-steppe, grassland, pine forest",Summer,X,X,X,,4247.97,250,,
161,Smith and Murphy 1973,Brigham Young University Science Bulletin,Strigiformes,Strigidae,Bubo,Bubo virginianus,Great Horned Owl,North America,USA,40.28,-112.33,"Desert shrub, Pinyon-Juniper",Nesting,X,X,,,1575.7,449,,
162,Smith and Murphy 1973,Brigham Young University Science Bulletin,Acciptriformes,Acciptridae,Aquila,Aquila chrysaetos,Golden Eagle,North America,USA,40.28,-112.33,"Desert shrub, Pinyon-Juniper",Nesting,X,X,,,4247.97,326,,
163,Smith and Murphy 1973,Brigham Young University Science Bulletin,Acciptriformes,Acciptridae,Buteo,Buteo regalis,Ferruginous Hawk,North America,USA,40.28,-112.33,"Desert shrub, Pinyon-Juniper",Nesting,X,X,,,1437.18,354,,
164,Smith and Murphy 1973,Brigham Young University Science Bulletin,Acciptriformes,Acciptridae,Buteo,Buteo jamaicensis,Red-tailed Hawk,North America,USA,40.28,-112.33,"Desert shrub, Pinyon-Juniper",Nesting,X,X,,,1101.16,330,,
165,Smith and Murphy 1973,Brigham Young University Science Bulletin,Acciptriformes,Acciptridae,Buteo,Buteo swainsoni,Swainson's hawk,North America,USA,40.28,-112.33,"Desert shrub, Pinyon-Juniper",Nesting,X,X,,,,161,,